etudiant,promo,code,filiere,parrains
Abi LAGNEAUX,2023,ING,,
Agnès ZUPPARDO,2025,ING,,Mathéo MARCHAND
Alek DE OLIVEIRA,2024,ING,,
Alexandre ESTEOULLE,2022,ING,,Clément SICOT
Alexandre VERGNES,2025,ING,,Dan Quê NGUYEN
Anaïs FLOCH,2023,ING,,Vanessa MONNIER
Anouk AUBEL,2025,ING,,Coline ROY; Anaïs FLOCH; Garance MARTIN; Samy KERRI; Alek DE OLIVEIRA
Anthony BASTIER,2023,ING,,
Arthur COTTIN,2024,LG,,Tim PICHON; Clément RATHANA
Arthur LETOQUIN,2021,ING,,
Aubin MICHON,2025,ING,,Louise GOUGET
Augustin HOSTEIN,2023,ING,,
Axel MORAND,2025,ING,,Gilles COUCKA
Clara BOUVIER,2024,ING,,Diego POSADO BAÑULS; Samy KERRI; Laura-Lee SEGUIN CADICHE
Clara CORREIA,2022,ING,,Arthur LETOQUIN
Clara MORIN,2025,ING,,Jules HEYNDELS
Clelia CHAMPEYROUX,2022,ING,,
Clément JUIGNÉ,2025,ING,,Killian MAUFFERON
Clément MONAT,2023,ING,,
Clément RATHANA,2023,ING,,Elisa PEYRARD
Clément SICOT,2021,ING,,Matthieu AHR
Clotilde GUICHARD,2025,ING,,Louise ALEX
Coline ROY,2023,ING,,Clara CORREIA; Thomas WITTMER
Constance LABRUNYE,2024,M,,Tom CADARIO
Corinne ABÉLARD,2025,ING,,Lili RUCHAUD-CHATELIER
Damien LABATAILLE,2025,ING,,Gilles COUCKA; Mathéo RAMBATOMANGA
Dan Quê NGUYEN,2024,ING,,Anthony BASTIER; Augustin HOSTEIN
Dan SCOTTO,2023,ING,,
Delphin AYMOZ,2024,ING,,Laura-Lee SEGUIN CADICHE
Diego POSADO BAÑULS,2023,ING,,Johan PALOS; Lorine PESEUX
Elisa PEYRARD,2022,ING,,Lauris BOCAUX
Elouan BELLIARD,2023,ING,,Ibrahim SALL; Jules FAGUET; Alexandre ESTEOULLE
Emma LUNATI-PERRIN,2024,ING,,Liam LONGFIER; Anaïs FLOCH; Anthony BASTIER; Celia BOUCHART
Celia BOUCHART,2023,ING,,
Emmanuel MACLEAN,2025,ING,,Nell CAPELLE
Esteban AUGUSTIN,2024,ING,,
Félix MERCIER,2022,ING,,
Florent BRUN,2024,LG,,Tim PICHON
Florian BOUVARD,2025,ING,,Killian MAUFFERON; Dan Quê NGUYEN
Gabin BOURLON,2022,ING,,
Gabin POTEL,2023,ING,,Léonie LEROUX; Gabin BOURLON
Gabriel PIOU RODRIGUEZ,2025,ING,,Sophie SALVADOR
Gabriel PIRES-PRATA,2024,ING,,
Gabriela FEBVRE,2025,ING,,Lili RUCHAUD-CHATELIER
Garance MARTIN,2024,ING,,Diego POSADO BAÑULS; Karine YE; Samy KERRI; Anaïs FLOCH
Gilles COUCKA,2024,ING,,Alexandre ESTEOULLE; Clément RATHANA; Félix MERCIER; Paul CALLOCH; Laure GREGOIRE; Clément MONAT; Dan SCOTTO
Ibrahim SALL,2022,ING,,
Inès PASQUIER,2021,ING,,
Johan AMIEL,2025,ING,,Nell CAPELLE
Johan PALOS,2022,ING,,
Jules FAGUET,2022,ING,,
Jules HEYNDELS,2024,ING,,Gabin POTEL; Sarah FORCIERI; Coline ROY
Karine YE,2023,ING,,Arthur LETOQUIN
Kenny TISSERANT,2025,ING,,Tim PICHON; Gabriel PIRES-PRATA
Kerrien DENEUVILLE,2022,ING,,
Killian MAUFFERON,2024,ING,,Diego POSADO BAÑULS; Samy KERRI; Elouan BELLIARD
Laura-Lee SEGUIN CADICHE,2023,ING,,Clara CORREIA
Laure GREGOIRE,2022,ING,,
Lauris BOCAUX,2021,ING,,Matthieu AHR
Léonie LEROUX,2022,ING,,Clément SICOT
Liam LONGFIER,2023,ING,,Kerrien DENEUVILLE; Romain COIN; Vanessa MONNIER; Loïs BILHERAN
Lili RUCHAUD-CHATELIER,2024,ING,,Mailys PELISSIER; Loéva MANCEAU
Lisa ARGENTO,2021,ING,,Matthieu AHR
Loéva MANCEAU,2023,ING,,Clara CORREIA
Loïs BILHERAN,2022,ING,,
Lorine PESEUX,2022,ING,,Inès PASQUIER
Louanne FRACHAT-JULIA,2025,ING,,Sophie SALVADOR
Louisa REMAUD,2025,ING,,Tom CADARIO
Louise ALEX,2024,ING,,Karine YE; Clément RATHANA
Louise GOUGET,2024,ING,,Karine YE; Remi MENARD
Louise NIBEAUDEAU,2025,ING,,Killian MAUFFERON
Maël QUILLAT,2023,ING,,Tony THUILLARD; Clara CORREIA
Mailys PELISSIER,2023,ING,,
Mallaury HERNANDEZ,2025,ING,,Clara BOUVIER; Alek DE OLIVEIRA
Mamadou CISSE,2025,ING,,Tom CADARIO
Manon GUERIN,2024,ING,,Anaïs FLOCH
Margaux PLOUNEVEZ,2022,ING,,
Marie LOBATO,2025,ING,,Emma LUNATI-PERRIN
Mathéo MARCHAND,2024,ING,,
Mathéo RAMBATOMANGA,2024,ING,,Elouan BELLIARD
Mathis VONGKOTH,2025,ING,,Manon GUERIN
Matteo CAPOZZA,2025,ING,,Gilles COUCKA; Garance MARTIN
Matthieu AHR,2020,ING,,
Melchior GANET-GRASSER,2025,ING,,Gabriel PIRES-PRATA
Mickaël ANNY,2025,ING,,Nell CAPELLE
Nathan ROUZAUT,2024,LG,,Elouan BELLIARD
Nathan TOUROUDE,2025,ING,,Louise ALEX
Nell CAPELLE,2024,ING,,Diego POSADO BAÑULS; Elouan BELLIARD
Nicolas LEQUIN,2025,ING,,Esteban AUGUSTIN
Nohann BRUANT,2025,ING,,Emma LUNATI-PERRIN
Nolan PERNIN,2025,ING,,Romain DE BLOTEAU—VAL'CHUK
Paloma PIRES GODARD,2025,ING,,Maël QUILLAT; Manon GUERIN
Paul CALLOCH,2022,ING,,
Quentin LE,2025,ING,,Romain DE BLOTEAU—VAL'CHUK
Remi MENARD,2023,ING,,Thibaud ZOBEL; Margaux PLOUNEVEZ; Clelia CHAMPEYROUX
Renée LE FLOCH,2025,ING,,Manon GUERIN
Romain COIN,2022,ING,,
Romain DE BLOTEAU—VAL'CHUK,2024,ING,,Maël QUILLAT; Clément MONAT
Romain MOUSSU,2025,ING,,Mathéo MARCHAND
Romain TOURMEZ,2025,ING,,Romain DE BLOTEAU—VAL'CHUK; Clara BOUVIER
Ruben CHAMBE,2025,ING,,Garance MARTIN; Maël QUILLAT
Samy KERRI,2023,ING,IGAST,Léonie LEROUX
Sarah FORCIERI,2023,ING,,
Savannah DURAND,2025,ING,,Killian MAUFFERON; Mathéo RAMBATOMANGA
Sidonie PABIOU,2025,ING,,Clara BOUVIER
Sophie SALVADOR,2024,ING,,Abi LAGNEAUX
Sydney DIEUDONNE,2025,ING,,Garance MARTIN
Tanguy GOEPFERT,2025,ING,,Mathéo RAMBATOMANGA
Théau LEFRANC,2025,ING,,Gilles COUCKA
Thibaud ZOBEL,2022,ING,,
Thomas UGUEN,2025,ING,,Louise GOUGET; Maël QUILLAT
Thomas WITTMER,2022,ING,,
Tibère LE NALINEC,2025,ING,,Delphin AYMOZ
Tim PICHON,2023,LG,,Esteban AUGUSTIN; Thomas WITTMER; Arthur LETOQUIN; Elisa PEYRARD
Tom CADARIO,2024,ING,,Maël QUILLAT; Elouan BELLIARD; Liam LONGFIER; Celia BOUCHART; Anthony BASTIER
Tony THUILLARD,2022,ING,,Clément SICOT
Vanessa MONNIER,2022,ING,,
Yani CHABELLAH,2025,ING,,Jules HEYNDELS; Delphin AYMOZ
Yanis AILEM,2025,ING,,Garance MARTIN
